项目名称,区域,地址,户型,最低租金,最高租金,最小面积,最大面积,联系电话
馨越公寓,普陀区,普陀区千阳南路99弄,一居室、二居室、单间,2060,3010,33.53,47.17,53391055
都会名筑,松江区,松江区车墩镇南姚东路99弄,三居室、二居室,2617,3539,76.92,99.3,67818816
光明雅筑,松江区,松江区洞泾镇陆家圈路63弄,二居室、三居室,3245,3979,76.56,90.96,67818816
桂语云居,松江区,松江区草长浜路188弄,二居室、一居室,2467,2883,64.8,75.71,57899291
恒都云湾园,松江区,松江区茸惠南路58弄11号,二居室,2670,2817,66.83,67.32,67799766
金地艺境,松江区,松江区仓轩路211弄49号,三居室、一居室,1669,2981,51.08,85.59,57899291
麓源,松江区,松江区永隆路980弄207号,三居室、二居室,2165,2709,72.23,93.77,57899291
绿地松江名苑,松江区,松江区仓华路999弄86号,二居室、一居室,1946,2843,50.04,78.57,57899291
水云间,松江区,松江区兴仓路39弄45号,二居室,2548,3269,73.15,89.68,57899291
松江颐景园,松江区,松江区荣乐西路1058弄7号,三居室、单间,979,3312,28.09,93.45,57899291
新城云间锦院,松江区,松江区化工路555弄46号,三居室、单间,821,2715,27.66,91.43,57899291
信达蓝尊,松江区,松江区长水街277弄15号,二居室、一居室,2426,3379,48.58,69.51,67799766
云著苑,松江区,松江区五昆路88弄1号,一居室,2585,2790,58.38,58.38,67799766
中海九峯里馨苑,松江区,松江区小昆山镇文南路399弄274号,二居室,1941,2158,56.03,63.05,57899291
锦尚悦庭,奉贤区,上海市奉贤区碧园路289弄,二居室、一居室,1264,2088,49.37,79.55,67188885
奉发有言轩,奉贤区,上海市奉贤区丽南路299弄,二居室、三居室、一居室,2091,2558,55.18,83.31,67188885
城投宽庭Lite·青浦社区,青浦区,上海市香大路218号,单间,810,2430,30.48,86.24,18121361561
翠羽景庭,崇明区,陈家镇雪雁路299弄,一居室、三居室、二居室,1000,1470,55.82,77.98,69690831
怡雅园,崇明区,崇明区陈家镇揽海路3350弄,一居室、三居室、二居室,878,1410,55.35,83.43,69690831
右岸雅苑,崇明区,崇明区陈家镇雪雁路66弄,三居室、二居室、一居室,1037,1481,54.99,78.63,69690831
翠鸣雅苑,崇明区,崇明区陈家镇翠鸟路396弄,三居室、二居室,1151,1662,64.72,85.22,69690831
金茂雅庭,崇明区,崇明区长兴镇渔乐路188弄,一居室、二居室,1786,2646,53.31,75.85,69690831
山水拾间,崇明区,崇明区陈家镇揽海路3777弄,二居室,1485,1690,84.65,98.29,69690831
东滩智慧名苑,崇明区,崇明区陈家镇安通东路181弄,一居室、三居室、二居室,533,1001,48.31,85.81,69690831
中粮悦庭,奉贤区,上海市奉贤区贤政路333弄,二居室、三居室,1877,2503,81.62,97.78,67188885
浦泾苑,奉贤区,上海市奉贤区定康路205弄,一居室、三居室、二居室,960,2991,48.29,128.95,67188885
鸿宝二村19幢255号,奉贤区,上海市奉贤区鸿乐路156弄,一居室,770,770,35,35,67188885
奉发左岸晶邸,奉贤区,上海市奉贤区碧园路192弄,二居室、一居室,1067,1618,42.54,64.5,67188885
锦尚名庭,奉贤区,上海市奉贤区广丰路650弄,二居室、三居室、一居室,1472,2223,58.65,88.57,67188885
中铁逸景苑,奉贤区,上海市奉贤区光昊路99弄,一居室、三居室、二居室,1508,2700,47.45,84.93,67188885
保利华都名苑,奉贤区,上海市奉贤区光昊路168弄,二居室、一居室、三居室,1934,3245,52.58,88.18,67188885
奉发名邸,奉贤区,上海市奉贤区康钱路211弄,二居室、一居室、三居室,2258,3481,52.9,81.53,67188885
悦景名筑,奉贤区,上海市奉贤区庄良路60弄,二居室、三居室、一居室,1179,1965,49.55,82.6,67188885
融悦铂庭,奉贤区,上海市奉贤区金雄路1055弄,三居室、二居室、一居室,1338,2050,57.71,88.39,67188885
奉发宝龙广场,奉贤区,上海市奉贤区港佳路398弄,二居室、一居室、三居室,1065,1650,53.25,82.54,67188885
保利翰林雅苑,奉贤区,上海市奉贤区康全路77弄,一居室、三居室、二居室,1880,2846,58.75,88.95,67188885
金悦雅苑,奉贤区,上海市奉贤区金雄路1111弄,二居室、一居室、三居室,1323,1949,57.06,84.02,67188885
四季锦苑,奉贤区,上海市奉贤区褚家路368弄,一居室、二居室、三居室,1551,2624,52.07,88.07,67188885
宝业荟萃雅苑,奉贤区,上海市奉贤区青茂路111弄,二居室,1773,2296,77.13,99.83,67188885
肖塘未来观邸,奉贤区,上海市奉贤区吴塘路988弄,三居室、一居室、二居室,1629,2810,58.15,88.39,67188885
大名城映园,奉贤区,上海市奉贤区正旭路399弄,三居室、二居室、一居室,1144,1958,54.49,81.59,67188885
泷悦和苑,奉贤区,上海市奉贤区正旭路333弄,三居室、一居室、二居室,744,2269,35.45,94.55,67188885
保利和风澜苑,奉贤区,上海市奉贤区仁爱路555弄,二居室、三居室、一居室,1849,3075,58.7,85.42,67188885
泷悦蓝湾城,奉贤区,上海市奉贤区江山路6819弄,三居室、二居室、一居室,1260,2095,60.04,87.33,67188885
美好雅居,奉贤区,上海市奉贤区兰博路1309弄,三居室、一居室、二居室,996,1773,53.03,82.49,67188885
禹洲锦苑,奉贤区,上海市奉贤区金碧路1188弄,一居室、三居室、二居室,1388,2181,57.86,90.88,67188885
山金玲珑苑,奉贤区,上海市奉贤区远东路2199弄,二居室、一居室、三居室,1727,2682,56.1,87.09,67188885
金海壹品苑,奉贤区,上海市奉贤区光昊路567弄,三居室、一居室、二居室,2180,3259,57.38,85.77,67188885
融侨金茂悦庭,奉贤区,上海市奉贤区金钱公路1558弄,一居室、三居室、二居室,1749,2767,54.67,86.49,67188885
凤鸣公馆,奉贤区,上海市奉贤区新塘路38弄,一居室、三居室、二居室,1439,2378,55.78,92.19,67188885
金碧苑,奉贤区,上海市奉贤区沿港河路478弄,一居室、二居室、三居室,1149,2257,60.84,104.53,67188885
龙湖未来广场,奉贤区,上海市奉贤区光迎路369弄,三居室、一居室、二居室,2333,3687,58.04,91.72,67188885
龙湖春江天玺,奉贤区,上海市奉贤区北行路298弄,三居室、二居室、一居室,1192,2705,42.59,84.54,67188885
光明九胤,奉贤区,上海市奉贤区庆园路333弄,一居室、二居室、三居室,1960,2878,57.67,84.66,67188885
香悦华庭,奉贤区,上海市奉贤区金碧路1388弄,二居室、三居室、一居室,1372,2091,59.15,90.14,67188885
原筑江南,奉贤区,上海市奉贤区青村南路328弄,一居室、二居室、三居室,1999,2851,56.02,79.86,67188885
铂悦华庭,奉贤区,上海市奉贤区旗港路88弄,二居室、一居室、三居室,1638,2529,56.29,86.93,67188885
水榭兰亭,奉贤区,上海市奉贤区浦兰路91弄,二居室、三居室,1268,1848,68.19,90.19,67188885
东原阅望轩,奉贤区,上海市奉贤区钜庭路66弄,三居室、二居室、一居室,1098,1987,52.31,82.82,67188885
海湾名庭,奉贤区,上海市奉贤区海农公路1188弄,三居室、二居室、一居室,1047,1659,58.84,81.34,67188885
象屿和苑,奉贤区,上海市奉贤区聚秀路199弄,三居室、二居室、一居室,1812,2822,53.62,83.5,67188885
龙湖春江天越,奉贤区,上海市奉贤区望河路366弄,三居室、二居室、一居室,1760,3122,55.35,98.18,67188885
香海沁园,奉贤区,上海市奉贤区吕桥路288弄,三居室、一居室、二居室,1296,2135,56.14,92.43,67188885
馨雅名庭,奉贤区,上海市奉贤区尚贤路169弄,二居室、三居室,2516,3314,87.7,101.05,67188885
凰城雅苑,奉贤区,上海市奉贤区正旭路733弄,二居室,1421,1640,67.7,68.34,67188885
佳源新都,奉贤区,上海市奉贤区金海公路99弄,一居室、二居室、三居室,1119,2434,49.77,94.36,67188885
金卓雅苑,奉贤区,上海市奉贤区光宾路58弄,一居室、二居室、三居室,1355,2434,53.56,83.94,67188885
中海戈雅园,奉贤区,上海市奉贤区兰博路1088弄,二居室、一居室,963,1701,55.07,85.08,67188885
保利玲玥轩,奉贤区,上海市奉贤区江山路6899弄,三居室、二居室、一居室,1238,1944,53.38,83.82,67188885
悦轩,奉贤区,上海市奉贤区金齐路618弄,二居室、一居室、三居室,1642,2712,52.49,86.66,67188885
怡庭欣苑,奉贤区,上海市奉贤区肖南路68弄,三居室、一居室、二居室,1368,2553,49.77,81.07,67188885
馨雅名邸,奉贤区,上海市奉贤区贤政路129弄,三居室、二居室,2177,2520,70.24,81.3,67188885
望园豪庭,奉贤区,上海市奉贤区达政路199弄,二居室,2930,2930,89.34,89.34,67188885
中铁建香榭澜苑,奉贤区,上海市奉贤区扶兰路18弄,一居室、三居室、二居室,1487,3006,53.89,89.49,67188885
凤城雅苑,奉贤区,上海市奉贤区正旭路599弄,一居室、二居室,1285,2027,53.56,84.46,67188885
临港蓝湾诚园,奉贤区,上海市奉贤区云樱路198弄,一居室、三居室、二居室,1280,1991,53.34,82.98,67188885
麓轩,奉贤区,上海市奉贤区庆园路189弄,一居室、二居室,1216,2240,50.58,82.37,67188885
尚东朗庭,奉贤区,上海市奉贤区褚家路100弄,二居室、三居室、一居室,1503,2267,59.21,89.28,67188885
帝华园,奉贤区,上海市奉贤区南奉公路3111弄,一居室、二居室、三居室,1427,2147,54.47,81.95,67188885
悦城华庭,奉贤区,上海市奉贤区兰博路2777弄,二居室、三居室,1194,1673,71.13,86.7,67188885
海港瑞和家园,奉贤区,上海市奉贤区港阳路333弄,三居室、二居室,1597,1858,69.14,80.45,67188885
秀景馨苑,奉贤区,上海市奉贤区秀韵路105弄,三居室、一居室、二居室,1185,1920,48.18,78.08,67188885
金域华庭,奉贤区,上海市奉贤区万顺路708弄,二居室、三居室、一居室,1488,2151,62.03,89.66,67188885
万科海尚华庭北区,奉贤区,上海市奉贤区国顺路668弄,二居室,2340,2423,78,80.77,67188885
欣悦华庭,奉贤区,上海市奉贤区新四平公路2378弄,三居室,1288,1483,82.58,82.86,67188885
朗诗绿色华庭,奉贤区,上海市奉贤区北行路555弄,三居室、一居室、二居室,1248,2513,63.7,90.31,67188885
海湾名悦豪庭,奉贤区,上海市奉贤区瞭海路159弄,一居室、三居室、二居室,892,1563,57.26,91.75,67188885
中南锦庭,奉贤区,上海市奉贤区贤瑞路111弄,三居室、二居室,1823,2381,69.61,90.91,67188885
海兴名苑,奉贤区,上海市奉贤区海兴路1881弄,二居室、一居室,964,1434,62.2,80.61,67188885
东方华璟园,奉贤区,上海市奉贤区人民路219弄,一居室、三居室、二居室,1152,1974,55.93,95.85,67188885
南亭公馆,奉贤区,上海市奉贤区一新路21弄,一居室,1422,1422,61.85,61.85,67188885
佳源汇景华庭,奉贤区,上海市奉贤区港坤路399弄,三居室、二居室、一居室,846,1451,56.05,83.88,67188885
绿地玉湖庭,奉贤区,上海市奉贤区湖堤路399弄,二居室、多居室,2160,3864,88.91,144.2,67188885
花屿新筑,奉贤区,上海市奉贤区兰博路1455弄,二居室、三居室、一居室,1099,1626,57.85,85.6,67188885
东原瑞景嘉苑,奉贤区,上海市奉贤区清宁路218弄,三居室、二居室、一居室,1020,2060,52,94.97,67188885
万科海尚华庭,奉贤区,上海市奉贤区国顺路669弄,一居室、二居室,2040,2391,68.01,79.73,67188885
汤臣臻园,奉贤区,上海市奉贤区泽丰路566弄,二居室、三居室,1617,3773,61.26,139.75,67188885
金辉南桥馨苑,奉贤区,上海市奉贤区高州路100弄,三居室、二居室,2073,3347,88.6,138.91,67188885
申亚翠庭,奉贤区,上海市奉贤区泰青公路119弄,二居室,1888,1947,94.44,97.38,67188885
绿地风清苑,奉贤区,上海市奉贤区兰博路1189弄,二居室、一居室,822,1389,49.54,73.12,67188885
海湾铭苑,奉贤区,上海市奉贤区海农路1668弄,二居室,1296,1658,83.67,93.18,67188885
万景峰馨园,奉贤区,上海市奉贤区湖堤路199弄,三居室,2163,3000,89.02,107.93,67188885
馨雅名筑,奉贤区,上海市奉贤区解放东路599弄,一居室、二居室,1869,2409,62.32,80.31,67188885
苏宁荣悦,奉贤区,上海市奉贤区解放东路299弄,二居室、三居室,1862,2529,70.01,82.95,67188885
中建公元名邸,奉贤区,上海市奉贤区兰博路1801弄,二居室、三居室,1402,1615,80.79,92.84,67188885
肖塘雅苑,奉贤区,上海市奉贤区北虹路81弄,二居室,1921,1921,91.48,91.48,67188885
申亚乐庭,奉贤区,上海市奉贤区南亭公路2825弄,二居室,1306,1322,71.38,72.25,67188885
秋月朗庭,奉贤区,上海市奉贤区富竹路39弄,二居室,2389,2494,82.68,86.31,67188885
卓越商务中心二期（15-16）,奉贤区,上海市奉贤区百富路339弄,二居室、三居室、一居室,1509,3849,57.63,96.17,67188885
佳源奉城名都,奉贤区,上海市奉贤兰博路3069弄,一居室、三居室、二居室,914,1537,63.94,93.72,67188885
奉德苑,奉贤区,邮电路269弄,二居室、三居室,1407,2059,102.72,131.21,67188885
奉发未来·风华公寓,奉贤区,上海市奉贤区徐家路358弄,二居室、多居室、一居室,2158.2,9327,44.37,195.42,60888066
保利天悦,徐汇区,上海市徐汇区虹漕南路128弄,一居室,5191,5728,53.18,55.91,64690997
高宜家园,浦东新区,上海浦东新区莱阳路2459弄,二居室、一居室、三居室,3879,5940,55.83,99.58,18019396043
馥华里,嘉定区,成泽路385弄,单间、二居室,2436,2812,85.48,86.87,69987999
旭辉公元,嘉定区,德友路77弄,单间、三居室,3410,3837,111.47,111.47,69987999
信义嘉庭二期,嘉定区,复华路28弄,二居室,2573,2912,83.28,88.92,69987999
香溢璟庭一期,嘉定区,依玛路389弄,二居室,3214,3591,91.39,97.14,69987999
大名城名郡,嘉定区,秦安路3号,二居室、三居室,2975,3032,89.43,90.18,69987999
安高东方名邸,嘉定区,崇福路398弄,二居室,2957,3647,80.81,90.27,69987999
置翔佳苑,嘉定区,嘉年路1105弄,一居室,2666,2666,56.43,56.43,69987999
秀城乐惠苑,嘉定区,乐惠路399弄,一居室,2535,2535,57.6,57.6,69987999
铁建澜庭,嘉定区,嘉程路900弄,二居室,3436,3436,76.52,76.52,69987999
祥云锦苑,嘉定区,惠裕路155弄,二居室,3857,3857,82.24,82.24,69987999
美和雅苑,嘉定区,春塔路900弄,一居室,2344,2344,58.4,58.4,69987999
绿色嘉苑,嘉定区,惠裕路588弄,三居室、二居室,3338,3940,75.23,94.16,69987999
江心月庐1,嘉定区,淞阳路801弄,一居室,2368,2368,58.63,58.63,69987999
信达蓝爵,松江区,松江区淡家浜街99弄,单间、二居室、三居室、一居室,1773,4493,33.32,85.33,67799766
佘山院子二期,松江区,松江区小昆山镇崇南公路499弄,单间、二居室、三居室,915,3051,28.73,91.13,57899291
茸城新业苑,松江区,松江区三新北路251弄,一居室、二居室,1751,3461,43.23,89,33551211
国贸佘山源筑,松江区,松江区佘山镇千新公路88弄,一居室,2115,2187,53.29,53.47,57899291
鑫创公寓（广中社区N080601、N080602单元059-02地块开发项目）,虹口区,上海市虹口区凉城新村街道广粤路418弄,二居室、一居室,4144,11502,35.53,107.76,17769049273
汇德智地公寓,青浦区,上海市青浦区漕盈路2900号,单间,2133,3528,35.38,60.72,19921323035
海域苏河源（绿地安亭佳苑）,嘉定区,博园路8155弄,二居室,2025,2502,75.5,83.24,69987999
中骏景荟华庭,松江区,松江区广康路85弄,二居室,2963,3109,77.26,77.28,57899291
上坤红树湾,松江区,松江区光星路1855弄,二居室、三居室,4021,4369,85.1,86.07,67799766
南站租赁住房,徐汇区,徐汇区老沪闵路333弄,一居室、二居室、三居室,1960,6200,25.91,88.48,53391329
憓家安选-收储,徐汇区,徐汇区斜土路2365弄,二居室、一居室、三居室,3849,6775,35.73,89.73,18917602270
憓家安选-莲岸家园,徐汇区,徐汇区罗秀路1171弄,三居室,6319,6730,94.63,98.22,18917602256
耀华滨江公寓16-1,浦东新区,上海市浦东新区耀元路228弄,三居室、二居室、一居室,3230,9830,38.68,104.02,53391140
北杨智汇社区,徐汇区,上海市徐汇区华发路737弄,三居室、二居室、一居室,2934,11619,22.14,93.56,19121185572
酬勤公寓,松江区,松江区石湖荡镇酬勤路333弄,单间,1545,2022,31.1,36.54,15601931777
理想之地（理想名都）,嘉定区,荣旺路99弄,三居室、一居室、二居室,3013,4642,67.72,99.91,69987999
馨宁公寓,徐汇区,上海市徐汇区华发路406弄,二居室、三居室、一居室,4309,5458,62.34,63.27,18917602270
憓家优选-公积金,徐汇区,徐汇区广元西路629号,一居室、三居室,3133,8932,48.65,99.85,64690997
昌化路600弄,静安区,静安区昌化路600弄,一居室、二居室,1648,4750,26.93,64.44,52049817
苏河湾润府,静安区,福建北路228弄,二居室,5940,6480,57.09,67.26,52049817
华亭新家银杏苑,松江区,松江区乐都西路1455弄,一居室、三居室、二居室,1878,3456,56.07,112.27,67846073
华亭新家百合苑一期,松江区,松江区乐都西路1629弄57号、58号、59号、160号、161号,一居室、二居室,1862,3130,56.01,91.22,67846073
华亭新家百合苑二期,松江区,松江区乐都西路1629弄,二居室、一居室,1763,3146,52.65,91.04,67846073
创业公寓,浦东新区,上海市浦东新区张江镇碧波路573弄,三居室、一居室、二居室,1998,7668,24.89,150.52,13370212283
誉品馨苑,松江区,松江区广富林街道辰轩路118弄,二居室、一居室,2237,3534,51.45,77,57899291
金融街美兰金悦府,宝山区,上海市宝山区潘泾路1398弄,一居室、三居室,1726,2800,51.76,57.39,18917772501
锦绣四季,宝山区,上海市宝山区潘泾路366弄,二居室、一居室,3111,3212,74.77,75,18917772501
七牧小区,宝山区,上海市宝山区联牧路1弄44支弄,一居室、二居室,2382,2518,60.84,62.39,18917772501
华涵佳苑,宝山区,上海市宝山区顾北路358弄,一居室,2529,2723,61.41,61.5,18917772501
中環置地中心润府,宝山区,上海市宝山区走马塘路730弄,一居室、二居室,3438,5022,62.09,79.98,18917772501
同济佳苑,静安区,上海市静安区康定路1033号,一居室,5408,6336,48.53,59.18,62665300
融创滨江壹号,徐汇区,天钥桥南路999弄1号,二居室、一居室,6086,9129,55.85,85.67,54487036
光明府,金山区,金山区龙堰路166弄36号,三居室、二居室,2097,2889,91.09,117.44,33690808
莘泽苑,松江区,松江区华莹山路450弄3号,一居室,2100,2120,58.3,58.3,18018619939
松和苑,松江区,松江区米筛浜路699弄,一居室,1970,2110,55.96,56.96,18018619939
君悦华庭,嘉定区,荣轩路60弄,二居室、单间,1386,3013,37.14,83.26,69987999
虹房家融创青云路壹号社区,虹口区,青云路169弄,二居室,10826.1,10935,93.4,94.93,13331912768
虹房家恒大江湾华庭社区,虹口区,三门路1266弄1号,二居室、一居室,5509,7597,58.31,80.04,18930199673
虹房家金茂新城雅苑社区,虹口区,上海市虹口区广灵四路855弄21号,二居室、一居室,5749,6861,56.39,72.56,13331912768
虹房家水电路198号店,虹口区,水电路198号,一居室,3194,3782,27.74,36.83,13331912768
虹房家凉城新村社区,虹口区,水电路1312弄,一居室、二居室,3886,6105,39,64.12,18930521651
虹房家宝博公寓店,虹口区,水电路1689号,一居室,1985,3851,26.72,49.31,18930199673
虹房家味美思公寓店,虹口区,吴淞路619号,二居室、一居室,4966,7330,35.19,70.63,18930521651
虹房家东方公寓社区,虹口区,汶水东路541弄4号,一居室、三居室,3808,6191,42.18,81.19,18930521651
憓家安选,徐汇区,徐汇区龙华西路398弄,一居室、二居室,1933,5298,21,60.78,64690997
悦汇长庭,徐汇区,上海市徐汇区罗秀路419号,一居室、二居室,6193,7393,71.5,83.56,17717511490
代理经租（虹口区）,虹口区,曲阳路483弄等,一居室、二居室、三居室,2988,7731,36.37,110.76,64186357
浦发有家进贤社区,浦东新区,满天星路899弄,一居室、二居室,2223,3564,32.62,59.02,15333917087
南山嘉荟领峯（嘉澜名邸）,嘉定区,棋盘路699弄,二居室,2820,3058,67.3,67.53,69987999
佘山院子,松江区,松江区小昆山镇崇南公路599弄,二居室、三居室、单间,824,2698,27.98,90.04,57899291
青溪云邸公寓,长宁区,上海市青溪路188弄,三居室,26685.4,29923.6,161.58,193.17,52831690
嘉芯荟（嘉荣苑）,嘉定区,六泉桥路185弄,三居室,3825,3974,97.65,98.42,69987999
田东佳苑,徐汇区,上海市徐汇区漕东路36号,一居室、二居室,5182,6542,56.03,56.45,64690997
上实海上菁英二期,宝山区,上海市宝山区沪联路1228弄,一居室,2573,3224,60.12,79.97,18917772501
上实海上菁英,宝山区,上海市宝山区宝正路99弄,一居室,2567,3188,60,79.83,18917772501
大华公园城市三期,宝山区,上海市宝山区大康路666弄,二居室,3926,4379,72.89,77.65,18917772501
大华公园城市二期,宝山区,上海市宝山区大康路688弄,二居室,4006,4306,73,78.99,18917772501
大华公园城市,宝山区,上海市宝山区康宁路2199弄,一居室、二居室,3219,4397,53.34,80.52,18917772501
鑫桂苑,徐汇区,上海市徐汇区叠彩路232号,一居室、二居室,6086,7321,54.66,64.84,64690997
城投宽庭Lite·北青社区,青浦区,北青公路8558弄,单间,1023,2317,36.1,80.98,18916116795
昱星家园、南馨佳苑,浦东新区,鹤沙路688弄,二居室、一居室,1818,2925,46.88,72.11,64186357
国塘公寓,杨浦区,市光路611号,单间,1977.7,4563.1,9.2,59.3,19117099977
彩虹小居国京路店,杨浦区,上海市杨浦区国京路51号,单间,1515.1,5235.4,10,35.2,13262663565
璟煦公寓,浦东新区,浦东新区满天星路999弄,单间、一居室、二居室,1703,2124,22.56,75.38,17701677662
海滨新城,金山区,金山区卫清东路2835弄,一居室,1410,1570,34,39.28,33690808
路劲上海派二（盛世景庭）,嘉定区,于塘南路82弄,二居室,2438,3009,78.73,86.19,69987999
禹洲丁香里（禹洲香溪里）,嘉定区,树屏东路599弄,二居室,2978,3023,88.79,89.37,69987999
路劲海尚湾,嘉定区,安雅路399弄,二居室,3002,3036,93.55,94.39,69987999
虹桥人才公寓(东区),长宁区,上海市长宁区广虹路58弄,一居室、单间、二居室,2770,7897,19.52,76.62,62397878
金地峯汇(金嘉雅苑),嘉定区,崇乐路158弄,一居室,2579,2924,59.57,59.57,69987999
申橙公寓,黄浦区,黄浦区延安东路385号,一居室,4767,6122,14.36,29.77,18017402906
南舒房·丽舍二期,黄浦区,丽园路502号,二居室、一居室,5275,8870,26.5,55.57,18917189596
浦东新区杨高中路10弄1支弄44号201室等,浦东新区,杨高中路10弄,单间、二居室,2796,4928,47.74,73.41,64186357
和光寓辽源西路店,杨浦区,上海市杨浦区辽源西路111号,单间,2871.9,9830.7,22.6,66.2,15317221779
耀华滨江公寓19-1,浦东新区,上海市浦东新区耀元路245弄,三居室、一居室、二居室,3090,9760,38.06,103.97,53391140
纳仕 | 张江在线右里,浦东新区,盛荣路555弄,二居室、一居室,4131,8028,35.91,73.13,18930813273
虹房家招商虹玺社区,虹口区,虹镇老街189弄33号,一居室、二居室,7698,12917,60.54,88.71,18939785102
虹房家招商外滩玺社区,虹口区,金田路65弄9号,二居室,11841,13006,84.34,84.76,18939785102
长阳印象公寓,杨浦区,上海市杨浦区长阳路1687号,单间,3375.9,4723.2,16,30,15795188819
御江庭,徐汇区,上海市徐汇区瑞宁路8弄3号,二居室,10346,11035,78.97,79.98,64690997
瑞盛宁苑,徐汇区,上海市徐汇区大木桥路889弄,一居室,9845,10239,71.18,71.82,64690997
馨逸公寓(一期）,徐汇区,徐汇区宾南路36弄,二居室、一居室,3270,6170,40.31,65.06,53391315
馨逸公寓(二期),徐汇区,徐汇区宾南路36弄,二居室、一居室,3190,5890,42.85,62.04,53391315
保利熙悦,宝山区,上海市宝山区走马塘路1228弄,二居室,4057,5134,87.47,91.59,18917772501
云麓之城,宝山区,上海市宝山区罗太路869弄,一居室,2269,2428,74.26,74.97,18917772501
金地天地云墅,宝山区,上海市宝山区苏家浜路388弄,一居室、二居室,2796,4129,64.47,82.66,18917772501
雍和府,宝山区,上海市宝山区潘泾路5777弄,二居室,1773,2077,87.33,93.99,18917772501
玲珑悦府,宝山区,上海市宝山区潘泾路1999弄,一居室、二居室,2165,2470,63.63,76.28,18917772501
西部乐巢·紫薇花园,普陀区,普陀区古浪路1180弄,一居室,4450,5210,60.72,63.55,15800867599
西部乐巢·大华峯荟,普陀区,华池路251号,二居室、一居室,4720,6020,43.71,56.42,18301975366
西部乐巢·天汇玺,普陀区,普陀区东新支路49弄,一居室,4900,5180,47.98,51.04,18301975366
西部乐巢·和宜公寓,普陀区,普陀区中山北路1297弄,一居室,2540,3060,31.4,35.95,15201907866
西部乐巢·公园道,普陀区,普陀区景泰路702弄,一居室,3730,4140,46.73,52.93,15800867599
市北高新人才公寓·南苑,静安区,静安区汶水路400弄,一居室、三居室、二居室,4993,10702,38,86.88,56885565
鑫耀融景,徐汇区,徐汇区叠彩路186号,一居室、二居室,9854,16042,63.67,92.02,18217531470
嘉俊庭,徐汇区,华泾路1388弄6号,一居室,3634,4744,40.98,62.42,18917760095
峰汇庭,徐汇区,宋园路129弄8号,一居室,4609,5021,36.26,38.67,64690997
汇元玺,徐汇区,兆丰路108弄5号,一居室,5818,6444,42.99,43.6,64690997
静航公寓,静安区,上海市静安区万航渡路858弄,单间、二居室、一居室,3760,7720,38.86,46.14,62665300
合寓社区,松江区,上海市松江区莘砖公路1128号,单间、一居室,1770,2531,21.73,31.71,19121289218
休闲绿地二期,松江区,松江区西林南路125弄,一居室、二居室,1550,2758,34.79,64.64,33558516
万科云间传奇,松江区,松江区方松街道辰塔路2155弄,单间、三居室,1162,3823,29.27,95.03,33551211
万科梦想派,松江区,松江区淡家浜街88弄44号,二居室、三居室、单间,1300,4804,24.07,83.14,67799766
方舟苑,嘉定区,澄浏中路3298弄,二居室,3091,3451,85.23,85.23,69987999
信义嘉庭一期,嘉定区,翁家宅路89弄,二居室,2632,3024,85.93,85.93,69987999
阳光城新界（阳光新荟都）,嘉定区,德富路1388弄,二居室,3124,3486,80.68,80.79,69987999
康德名筑,金山区,金山区康德路199弄68号,一居室,1305,1476,61.72,66.47,33690808
奉发未来·青春公寓,奉贤区,奉贤区青村镇 东至德欣路,单间、三居室、二居室、一居室,1641.48,8999.5,45.3,194.76,60888066
福临佳苑,嘉定区,平城路955弄,一居室,1478,1989,38.35,51.1,69987999
惠南镇120套,浦东新区,通济路1279弄,二居室、一居室,1600,2100,51.85,75.57,52049817
毛家弄,静安区,沪太路453弄65号,一居室,968,3632,17.93,50.8,52049817
东元坊补充,黄浦区,凤阳路288号,三居室、一居室、二居室,2484,12528,39.71,153.86,64186357
代理经租（浦东新区）,浦东新区,金桥路530弄,三居室、二居室、一居室,2286,8415,36.95,121.7,64186357
代理经租（浦东新区外环外）,浦东新区,沪南路3468弄,二居室、一居室、三居室,3870,5940,64.75,105.25,64186357
虹房家虹盛里社区,虹口区,新市南路1206号,一居室、三居室、二居室,4544,7354,54.11,97.58,18930521651
云尚澜园,松江区,松江区荣乐西路900弄,一居室,2346,2750,57.55,64.05,57899291
兴云峻庭,松江区,松江区洞泾镇蔡家浜东路788弄,一居室、二居室,2039,3118,41.72,61.75,67818816
南站汇家,徐汇区,徐汇区老沪闵路385号,单间、一居室,3222,7044,22.66,76.51,17717511487
鹤驰路88弄等零星房源,浦东新区,鹤驰路88弄,三居室、二居室,2394,4419,60.68,94.31,63336323
宸寓·天宸名庭社区,临港新城,上海市浦东新区杉云路66弄,单间、多居室、三居室、一居室、二居室,1027,4555,33,154.35,58058818
宸寓·科怡居社区,临港新城,上海市浦东新区海基一路111弄,二居室、单间、一居室,1050.5,3382,25.85,79.06,58185868
中电·闲猫青年社区,松江区,松江区文松路333弄,一居室、单间,1658,3060,25.8,44.98,18701937913
兴文大楼,黄浦区,制造局路455弄,二居室、三居室、一居室,3564,7056,47.75,97.75,64186357
宁海公寓,黄浦区,宁海东路297号,一居室,2385,4527,30.2,57.27,64186357
城投宽庭Lite·松江社区,松江区,松江区佘山镇金白花路50弄,一居室,1013,2898,30.76,92.18,19301253516
城投宽庭临港社区,临港新城,玉柏路399弄,单间、三居室、一居室、二居室,932,5620,31.45,104.08,4006796966
金地草莓社区南大店（南区）,宝山区,宝山区大场镇弘卓路168弄,二居室、单间、一居室,3051,5823,27.71,49.26,19921606733
嘉园,徐汇区,徐汇区永嘉路492弄,一居室,3795,4770,37.54,47.5,64690997
@HOME爱住·鑫耀,徐汇区,上海市徐汇区苍梧路4号,一居室,5499,10304,37,67,13032163091
自如友寓（兰溪路店）,普陀区,上海市普陀区兰溪路201号,单间、一居室,3483,4833,19.89,41.8,18616908093
西郊金茂府保障性租赁住房,嘉定区,上海市嘉定区封周路885弄,三居室、一居室、二居室,5825.7,9936,69.3,101.27,18721776966
泽慧楼,黄浦区,青龙桥街66弄,一居室、三居室,10728,25362,70.13,219.05,64186357
福山路,浦东新区,福山路100弄,二居室,5040,7218,49.9,72.26,64186357
瑞福大楼,黄浦区,延安东路385号,二居室、一居室,3276,4806,45.64,68.1,64186357
龙南佳苑,徐汇区,徐汇区龙水南路336弄,一居室、二居室、单间,2067,5460,30.47,64.07,54487036
城璟松江中山社区,松江区,上海市松江区茸梅路855弄,一居室、单间,1913,3986,35.51,68.42,18221296608
城投宽庭张江社区（二期）,浦东新区,宁丰路68弄,一居室、二居室,2169,8658,25.01,116.25,19261291773
寓贤自如里,虹口区,上海市虹口区凉城路2289号,二居室、一居室、单间,2434.5,6281.1,27.13,46.16,13122678555
西部乐巢·智和苑,普陀区,皋兰山路49弄,一居室、单间、二居室,2809,7780,33,80.4,16601981866
晟光里公寓上海新江湾店,杨浦区,上海市杨浦区新江湾街道国霞路455号,单间,5237.1,13895.1,29.31,97.92,18221117634
憓家优选-大居闵行,闵行区,闵行区浦连路150弄,二居室,1870.55,2649.2,65.55,69.52,18917611156
憓家优选-大居松江,松江区,松江区泗凯路875弄,二居室,2587,2855,64.63,73.48,18917611156
雍汇庭,徐汇区,徐汇区华泾路1266弄,一居室,4296,4421,47.71,48.17,17717511490
佳运瑞璟湾,宝山区,上海市宝山区顾佑路77弄,二居室、一居室,2666,4225,50.2,74.28,18917772501
国顺公寓,杨浦区,国顺路117弄,三居室、二居室,3438,5634,42.83,77.94,64186357
保障中心代管项目,黄浦区,车站支路9弄,三居室、二居室、一居室,4770,10467,43.86,96.26,64186357
霄云湾公寓,宝山区,上海市宝山区萧云路1318弄,单间、一居室、二居室,690,1310,32.86,74.97,18917772501
浦东新区下南路551弄40号104室等项目,浦东新区,下南路551弄,一居室、二居室,3298,8280,24.7,111.6,64186357
国贸松江名庭,松江区,松江区永隆路555弄,二居室、一居室、一居室,2318,2846,55.73,64.5,57899291
名城璞园,松江区,松江区化工路958弄,二居室、一居室,2095,2570,50.07,60.26,57899291
中海九峯里璟苑,松江区,松江区文南路299弄,二居室、一居室,2102,2702,48.66,61.76,57899291
中海九峯里,松江区,松江区文南路368弄,二居室、一居室,1834,2094,52.66,59.22,57899291
国贸松江华庭,松江区,松江区云逸路399弄,二居室、一居室,2133,2675,51.64,62.3,57899291
海珀佘山,松江区,松江区佘山镇九江公路159弄,一居室、三居室、二居室,2203,3488,55.14,87.9,57899291
佘山宸辉苑,松江区,松江区余山镇兰墅路555弄,二居室,2223,2410,59.24,59.91,57899291
南大梧桐里,宝山区,弘卓路168弄,一居室、二居室,3105,5175,27.71,41.2,13916254634
憓家优选,徐汇区,徐汇区南丹路368弄,三居室、二居室、一居室、多居室,2336,13962,40.35,245.49,64835777
保利滨江天珺,徐汇区,上海市徐汇区天钥桥南路933弄,一居室,6731,7343,50.36,52.04,54487036
玖珑庭,徐汇区,上海市徐汇区武宣路188弄,一居室,7002,7787,61.24,66.21,64690997
旭东锦公寓,宝山区,塘祁路379弄,二居室、一居室,2531.8,5858.3,24.73,55.73,56136800
黄浦区延安中路537号项目,黄浦区,延安中路537号,一居室,3728,4626,31.87,50.81,64186357
微领地新虹桥湖畔社区,嘉定区,上海市嘉定区金迈路505弄,一居室、单间,2215,3962,15.22,28.99,18501608928
徐汇区医学院路72弄1号1406室等项目,徐汇区,医学院路72弄,三居室、一居室、二居室,2133,4680,28.3,73.13,64186357
裕嘉公寓,青浦区,上海市青浦区徐泾镇育才路565号,二居室、三居室、一居室、单间,2140.2,4851,18.84,47.89,17821202258
苏河玺,普陀区,普陀区东新支路17弄,一居室,4780,5060,44.43,45.62,18301975366
苏河望,普陀区,普陀区旬阳路115弄,一居室、二居室,5390,6180,59.54,61.94,13761227855
云吉居公寓,普陀区,上海市普陀区中山北路2052号,一居室,5416,7560,28.51,70.7,18918228073
华明苑,普陀区,普陀区云岭西路230弄106支弄,三居室、二居室、一居室,4370,6480,65.21,94,53390922
浦东新区永泰路630弄66号1303室等项目,浦东新区,永泰路630弄,一居室、二居室,2430,4845,14,84.5,64186357
普陀区铜川路2059弄12号602室等项目,普陀区,铜川路2059弄,一居室、二居室、三居室,2322,5610,41.02,113.41,64186357
奉发未来·煜会苑,奉贤区,上海市奉贤区青村镇,二居室、三居室、一居室、单间,1557,4273.2,38.71,102.76,67188770
黄浦区陕西南路287弄44号等项目,黄浦区,黄浦区陕西南路287弄,三居室、一居室、二居室,1350,12915,11.6,192.79,64186357
浦发有家浦贤社区,浦东新区,上海市浦东新区康泽路86弄,二居室、一居室,2573,4601,30.61,66.44,17317180917
军弘谷公寓,杨浦区,逸仙路205号,单间,3042,4023,18.88,32.99,17269309898
慧智·有巢公寓社区,浦东新区,浦东新区沪南公路4699弄,单间、二居室、一居室,1931,4000,28.67,64.14,61732390
中瑞公寓,普陀区,中山北路2438号,一居室,4510,7640,25.37,56.62,62222118
乐巢公寓,黄浦区,黄河路333号,单间,6951,13739,30.5,63.38,13651842122
森兰星遇公寓(新展城店),浦东新区,上海市浦东新区高建北路188弄,一居室,3357,5148,32.47,67.98,50661799
静安区德慧苑项目,静安区,沪太路631弄,二居室、一居室,2472,4212,25.97,59.84,64186357
黄浦区淮海中路809号等项目,黄浦区,黄浦区淮海中路809号,二居室、一居室,3150,9675,23.4,79.95,64186357
松江区华莹山路450弄项目,松江区,松江区华莹山路450弄,一居室,1377,1462,58.43,58.43,64186357
徐汇区桂林西街14弄23号等项目,徐汇区,桂林西街14弄,一居室、二居室,3655,5780,31.64,84.29,64186357
茂兴路35号,浦东新区,茂兴路35号,一居室、二居室,2385,4815,22,53.1,64186357
闵行区浦涛路75弄15号1002室等项目,闵行区,浦涛路75弄,二居室、一居室,1488,4320,43.29,106.26,64186357
融寓上海华和路店,宝山区,上海市宝山区大场镇华和路601号,一居室,2340,5816,25.69,64.02,18516407888
宇祺客栈,静安区,北宝兴路600号,一居室,2089,5303,16.59,41.46,15900678333
纳仕丨张江社区右里X区,浦东新区,浦东新区孙桥路750弄,单间、一居室,2579,4872,20.84,42.47,17717072108
华智公寓,徐汇区,徐汇区景东路5677号,一居室,3318,7906,28.81,62.27,15301889218
越秀·静安悦,静安区,西藏北路677弄,三居室、二居室,8993,9614,86.78,91.96,62665300
建工玥里惠南二店,浦东新区,上海市浦东新区惠南镇勤奋路458弄,一居室,1817,2469,44.13,56.96,18512159980
安泊新里,杨浦区,周家嘴路3681号,单间,4311,5931,32.41,60.2,18916480090
壹心寓宝龙旭辉店,杨浦区,顺平路906号,单间,4874.4,6451.2,36.3,39.8,13621960163
壹间虹桥璀璨领峯,嘉定区,上海市嘉定区南翔镇嘉好路788弄,二居室,3774,4693,70.23,70.27,18930200556
莘庄工业区鑫悦阳光一期,闵行区,申学路430弄,三居室、二居室、一居室、单间,959,5730,11.05,123.45,13381832538
来福里公寓二期,静安区,江场西路180号,一居室,3346.65,3868.74,24.48,26.9,15660709088
嘉荷新苑社区,嘉定区,东至合作路,一居室、二居室、单间、三居室,2251,7115,39.92,126.51,13301823557
瀚凡乐寓,虹口区,逸仙路768号,单间,1467,4896,14.14,38.12,19105459224
尚财湾·创业家社区,杨浦区,上海市杨浦区纪念路100号,单间,3782.7,6139.8,28.97,41.78,13122602014
龙湖冠寓上海奉贤天街店,奉贤区,上海市奉贤区光迎路369弄,一居室,1723.8,2202.7,27.92,33.85,18101709745
合庆璟泊社区,浦东新区,浦东新区合庆镇环庆东路820弄,单间、一居室,1667,2029,39.23,43,80572639
松花江路自如友寓,杨浦区,上海市杨浦区松花江路159号,单间,3238.2,7141.5,27.01,53.11,17746577389
慧智·艾尚里公寓社区（一期）,浦东新区,上海市浦东新区新浦路398弄,一居室,3873,6534,33.61,65.57,58622175
美寓家,宝山区,沪太路2568弄,一居室,1960,4874,18,40,66266508
爱玛公寓,宝山区,潘泾路3055号,单间,1347.3,1390.5,30,30,13651638205
虹桥乐贤居一期,闵行区,上海市闵行区北华路22弄,二居室、一居室,2472,5220,38.36,70.16,64887816
雨宸公寓,嘉定区,嘉定区菊园新区嘉唐公路69号,单间,2394,4620,30.31,77,19121393353
上海保利和寓光合社区,闵行区,闵行区都会路1700弄,一居室,2050,4620,25.17,47.08,17317205678
盛世新苑,崇明区,崇明区城桥镇高岛路170弄,一居室、二居室,1507.14,1830.69,58.26,82.92,69698109
谊品铧寓,杨浦区,上海市杨浦区宁城路150号,三居室、一居室、二居室,4399.9,9941.4,38.21,82.96,16601778704
绿庭寓国际青年社区项目（二期）,长宁区,上海市长宁区中山西路555号,一居室,5027,5355,32.06,37.35,18101918837
朗诗寓,杨浦区,上海市杨浦区闸殷路1515号,单间,3888.2,10322.6,28.86,95.58,18019171624
虹桥人才公寓（西区）,长宁区,上海市长宁区广虹路98弄,单间、多居室、二居室、一居室,2418,9869,19.4,90.26,62397878
中环·桃乐居,普陀区,上海市普陀区佳创路51弄,三居室、二居室、一居室,3940,7020,37.95,83.85,17821175343
上海新凤抱家华新乡村公寓（二期）,青浦区,北新村(任家浜)109号,单间,1321.83,1977.03,17.6,62.1,18800291837
奉发未来·煜文苑,奉贤区,张翁庙路360弄,一居室、二居室、单间,1802.7,3220.38,35.96,75.65,67186778
佘山环球企业中心·闲猫青年社区,松江区,上海市松江区广富林路5000弄,一居室、单间,1330,3848,31,98.97,18701956769
临港南大人才社区-北区,宝山区,姚湾路299弄,二居室、三居室、单间,3114,9787,28.13,91.3,15102160269
上海浦江方隅服务公寓,闵行区,江鹏路632号,一居室,3300,6200,30.21,45.79,15317874974
河马公舍华新店,青浦区,上海市青浦区新凤中路888弄,单间,1056.6,2314.8,14.26,35.23,59880718
莘庄工业区鑫悦阳光二期,闵行区,申学路618弄,单间、一居室、三居室,1197,5840,11.05,117.64,19921010799
莘庄工业区鑫悦阳光三期,闵行区,春康路252弄,二居室、一居室、单间,1000,5345,10,85,15062273707
青村里青年社区,宝山区,宝山区月浦镇锦乐路999号,一居室,1821.6,3792.6,18,27.8,18918565680
建悦里（嘉定区菊园新区JDC1-0403单元30A-01地块）,嘉定区,上海市嘉定区柳菊路33弄,二居室、一居室,2463.3,3997.8,29.79,50.36,18918351853
滨江欣景人才公寓,黄浦区,中山南路36号,一居室,5000,7600,23,40,15000130753
闵房泊寓疏影路店,闵行区,疏影路1366号,单间、一居室,1500,3050,18,42,80572616
花米粒公寓（洋江·贝壳海盐公寓）,松江区,上海市松江区易富路1139弄,一居室、二居室,2942,6322,39.75,69.37,67817799
新科祥园,松江区,长浜路600弄,一居室、二居室,2408.9,3946,35.83,73.44,18601777671
瑞元里,徐汇区,中山西路1790弄,一居室,4500,7975,19.76,51.62,18121279162
城璟宝山中环社区,宝山区,宝山区大场镇环镇南路858弄,单间,2624,4549,20.61,61.35,17602164595
颐家公寓（宝钰澜庭店）,宝山区,桂泰路147号,一居室,2210.4,6235.56,28.87,123.5,18939964206
金茂公寓（虹桥金茂悦门店）,青浦区,上海市青浦区新府中路1658弄,一居室、二居室、单间,2412,4439,47.41,92.85,15102111650
江宁路公寓,普陀区,普陀区江宁路1415弄,二居室、一居室,5410,11080,40.29,101.66,13621710587
宿香门第公寓九亭店,松江区,松江区九新公路10051幢,单间,1201,2484,8.3,31.4,13801749988
华润有巢公寓社区马桥AI店,闵行区,中青路588弄,一居室、二居室、单间,2096.93,3855.6,27.48,55.87,19925220991
慧智·仁恒派租赁社区（东区）,浦东新区,上海市浦东新区周秀北路89弄,三居室、二居室、一居室、单间,3124,9631,42.49,128.01,13127565075
卢宛158项目,黄浦区,保屯路26号,一居室,5700,10700,27.5,41.27,17702120658
星橙里公寓虹口店,虹口区,虹口区青云路266号,单间,3267.27,5726.7,17.11,35.57,13818810369
戎遇公寓（二期）,虹口区,欧阳路85号,单间,3323.7,7938.72,19.52,56.53,17717688663
苏河美欣公寓,黄浦区,上海市黄浦区西藏中路728号,一居室、二居室,12843,39366,51.27,189.33,63616982
东方·星苑（四平路）,虹口区,上海市虹口区四平路210号,单间,4001,11616,32.65,101.39,65220686
礼御·领现公寓,浦东新区,上海市浦东新区唐镇利川路89弄,一居室、二居室,3447,6516,46.94,111.74,61682223
城家公寓柳营路,虹口区,上海市虹口区柳营路125号,单间,4695,7031,36.22,61.19,15001721161
房建丽景公寓,金山区,上海市金山区金山卫镇西静路969弄,二居室、三居室、一居室、单间,840,2780,31.16,98.24,33690808
雷北诵芬公寓,虹口区,上海市虹口区天宝路884号,单间、二居室、一居室,3257,6227,19.83,36.61,17321067080
市北高新人才公寓·东苑,静安区,上海市静安区寿阳路88弄,一居室、二居室,4972,10905,36.73,79.26,56660811
微领地新静安中心社区（二期）,静安区,静安区临汾路1000弄,单间,3429,5209,16.78,38.19,18501608928
星江湾公寓·CCB建融家园,宝山区,上海市宝山区淞湾路223弄,一居室、二居室,4208,7749,59.41,85.28,19921894008
璟贤公寓,浦东新区,浦东新区南码头街道世博村路9弄,二居室、一居室、三居室,6021,21636,40.96,154.16,19921657963
城投宽庭莘庄社区,闵行区,都市路1600弄,单间、一居室,1531,2925,31.55,48.33,18916480848
友间公寓宝地虹乐苑,虹口区,上海市虹口区广粤路76弄,二居室、一居室、单间,5130,11124,33.53,99.24,18616311309
金盛泽寓,青浦区,上海市青浦区金泽镇爱新路26号,单间,1219,2546,25,62,15821636637
奉发未来·临港社区,奉贤区,上海市奉贤区海港开发区港乐路128弄,单间、一居室、三居室、二居室,500,3768.8,21.12,99.94,57150909
光明里公寓（打浦路店）,黄浦区,打浦路198号,一居室,5612,7557,29.41,56.24,17891934035
龙湖冠寓上海闵行天街店,闵行区,剑川路1000弄,一居室、单间,2647.43,3519.6,33,36,13162762546
越秀星寓上海杨浦互联宝地店,杨浦区,上海市杨浦区眉州路1055弄,一居室,4143.6,4628.7,29.86,30.89,19121234977
榕寓交暨路店,普陀区,交暨路193弄,二居室、单间、一居室,2364,9081,17.89,101.3,13636504677
金茂公寓横沔门店,浦东新区,上海市浦东新区沔新路558弄,一居室、二居室,3535,8055,44.31,104.71,13127756558
大华享寓锦绣四季顾村中学社区,宝山区,顾北路358弄,一居室、二居室,3654.3,5243.7,44.57,65.63,18817920575
菁舍公寓,杨浦区,杨浦区长阳路1673号,单间,2549.7,7399.8,18,36,15317607686
安泊派青年社区,杨浦区,政青路59号,单间,2157.1,4782.9,20,42,15802171173
群宥公寓,虹口区,密云路665弄,单间,3614,3799,23.88,43.42,19521250435
静武公寓,静安区,静安区武定路657弄,单间,3918,9267,21.63,54.48,18018800295
国拓半隐公寓（自如寓）,闵行区,中春路2669号,单间、一居室,1746,3055.5,20,35,18616125358
祁润家园,宝山区,宝山区环镇北路1399弄,一居室、二居室,4623.6,7069.5,46.83,71.15,18721728578
民欣公寓,杨浦区,上海市杨浦区国和路490号,单间,2890.8,3704.4,18,31,13795282690
未来已来创智社公寓2期,宝山区,安达路31号,一居室,1800,3870,12,40,13764126822
城投宽庭·浦江社区,闵行区,上海市闵行区恒南路659弄,一居室、单间、二居室,2480,10560,25.43,100.99,13817997731
KB建滔,长宁区,上海市长宁区通协路269号,三居室、一居室、二居室,3640,25230,20.08,226.59,15755152575
富绅中心27号,青浦区,上海市青浦区公园东路1289弄,单间,4084,8862,41.9,95.69,18019778859
青云路城建大厦,虹口区,虹口区青云路158号,二居室、一居室、单间,3880,10440,21.03,60.45,15301757873
谊.魔方上海吴泾华师大店,闵行区,龙吴路5395号,一居室、单间,2288,2929,24.05,29.52,13023202707
悦来青柚公寓（武定路）二期,静安区,静安区武定路458号,单间,8193,8574,41.3,52.2,52995398
壹间公寓-虹桥公馆二期,青浦区,上海市青浦区徐泾镇尚茂路229弄,一居室、单间,2790,4743,28.03,48.24,18721193664
盛捷虹口外滩界服务公寓,虹口区,衡水路61号,一居室、二居室,12177,32508,31.27,122.41,36200688
港城领寓（泥城）Ⅰ期,临港新城,浦东新区泥城镇白絮路66弄,二居室、一居室、三居室,1680,4350,60.43,141.31,13371895007
上海保利和寓眉州路店,杨浦区,上海市杨浦区眉州路1055弄,一居室,4152.6,4639.5,29.93,30.96,13310117380
金光景庭,普陀区,普陀区连亮路490弄,二居室、一居室,3990,7950,34.15,119.21,19901763281
桂客公寓滨江店（二期）,黄浦区,上海市黄浦区制造局路833弄,一居室,4275,7302,16.32,30.92,18964016758
桂客公寓豫园店,黄浦区,黄浦区黄家路30号,一居室,3789,8239,16.14,49.7,13381769082
城置公寓,杨浦区,上海市杨浦区河间路567弄1-5号,一居室,4536,5058,41.76,45.79,17511666587
能创嘉寓（嘉定新成社区A03-06地块租赁住房项目）,嘉定区,嘉定区嘉罗公路666弄,一居室、二居室、单间,2390.4,4158,32.02,75.28,19921459599
悦庭10 · 数智天地,浦东新区,上海市浦东新区御南路99弄,一居室,3040,6830,31.44,64.88,61180833
嘉住·菊园社区（嘉树臻庭）,嘉定区,上海市嘉定区树屏路1957弄,一居室、三居室、二居室,2252,4485,36.15,87.25,69988806
壹间公寓-虹桥公馆三期,青浦区,上海市青浦区徐泾镇双联路668弄,一居室、二居室,3222,4482,32.63,47.2,18721193664
上海乐港三宝电器有限公司（乐家公寓）,松江区,上海市松江区车墩镇车泾路99号,二居室、单间、一居室,1274,3195,24.2,87,17317868032
金地草莓社区南大店（北区）,宝山区,宝山区大场镇清卓路125弄,二居室、一居室,3110,5909,27.9,48.9,19921606733
宝山璟晗社区,宝山区,宝山区金勺路901弄,单间、一居室,1272,1553,40.58,46.68,13818346267
中海宁熙苑（7号楼）,长宁区,上海市长宁区通协路355弄,一居室,5364,7349,31.87,33.42,13127686818
市北华庭,静安区,上海市静安区云飞东路505弄,三居室、一居室,8272,14117,63.71,110.08,56552915
快乐E家公寓,静安区,平陆路372号,单间,4229,5169,30.75,35.29,56388852
宏桥兰庭（兰庭公寓）,松江区,上海市松江区涞坊路1588弄,一居室、二居室,3107.4,5812.5,31.82,59.18,17301864868
盛嘉源公寓,普陀区,上海市普陀区真北路3370号,一居室,4440,5260,27.89,47.7,13311793960
乐享公寓(壹间新桥G60科创云廊社区）,松江区,夏松路66弄,单间、二居室、一居室、三居室,2562,9428,34.81,97.57,18217378301
柏雅居公寓,普陀区,上海市普陀区常德路1341弄,二居室、一居室,10155,13428,47,80,36696788
蓝晨公寓,静安区,武定路458号,单间,6100,11270,23,74.6,52995398
宝泉惠景苑,宝山区,宝泉路22弄,二居室、一居室,2421.2,3924.2,38.51,66.52,56925090
青帆公寓,杨浦区,杨浦区三门路560号,单间,2727.9,3029.4,22.45,23.92,19121304998
彩虹小居赛特店,杨浦区,上海市杨浦区军工路1300号,单间,1966,4320,18,69,15216881300
彩虹小居军工路店,杨浦区,上海市杨浦区军工路100号,单间,1190.1,4170,11.6,39.4,13564250552
彩虹小居松花江路店,杨浦区,上海市杨浦区松花江路99号,单间,2195,5628.3,15.6,40,13262771110
彩虹小居城大店,杨浦区,上海市杨浦区军工路1205号,单间,2649.4,5771.5,21.5,63.1,13003141205
龙湖冠寓谷阳北路店,松江区,松江区谷阳北路2558弄,一居室,2437.38,3162.87,23.89,32.8,13524988259
卢宛佳园,黄浦区,顺昌路10号,三居室、二居室、一居室,1710,21240,9.9,172.15,17702120658
南舒房打浦店,黄浦区,上海市黄浦区斜土路766弄,一居室、多居室,2830,6388,17.72,40.52,15317232753
慧智·云璟（张家浜楔形绿地人才公寓项目）,浦东新区,金葵路560弄,一居室、二居室、三居室、单间,5850,13140,54.97,136.64,68883838
中企云萃江湾,杨浦区,杨浦区江湾城路681弄,一居室、单间、三居室,4227.3,9756.9,35.29,156.9,18502110019
阡集·创社区西区,闵行区,上海市闵行区东川路150弄,二居室、一居室、单间,2770,8810,28.14,112.2,15601766777
近铁自如寓,虹口区,中山北一路9号,单间,4077.9,6717.6,25.2,53,17746577389
青莺社区,静安区,静安区南山路99号,单间,2723.94,6749.64,11,40,15618206316
宜居公寓,普陀区,普陀区宜昌路555号,一居室、单间、二居室,4716,6085,31.71,50.22,13162561218
上海雅遇公寓（北外滩）（北外滩街道77街坊租赁项目）,虹口区,东余杭路399号,二居室、一居室,8991,15228,47.22,82.44,35888777
白居易新青年公寓同济店,杨浦区,上海市杨浦区四平路1088号,单间,1881,6300,13.13,43.5,13162312065
益辉光明酒店式公寓,杨浦区,上海市杨浦区鞍山路220号,单间,1299.8,3279.4,10.3,26.8,19542799984
城方·张江璟绸社区,浦东新区,浦东新区张衡路2000弄,二居室、三居室、一居室,4457,11107,40.49,99.93,18101839318
壹棠服务公寓（静安市北店）,静安区,上海静安区云飞东路518弄,一居室、二居室,7434,15390,50.72,128.47,18321898699
通元雅舍,杨浦区,上海市杨浦区霍山路1058号,单间,2719.8,4452.8,30.25,54.98,19145538968
翔洲公寓,杨浦区,翔殷路265号,单间,1764.9,3830.9,16.18,31.53,13166178898
福产自如寓（黄兴公园店）,杨浦区,上海市杨浦区营口路764号,单间,3482.4,6314.1,28.51,50.06,15316666093
彩虹小居河间路店,杨浦区,上海市杨浦区河间路810号,单间,2019.3,2542.8,12.1,18.3,18721439778
彩虹小居双阳店,杨浦区,上海市杨浦区双阳二村35号,单间,2458,3375,15.8,20.5,13761150796
彩虹小居打虎山路店,杨浦区,上海市杨浦区打虎山路30号,单间,1492.7,4712.3,9.6,32.3,17321397025
彩虹小居淞沪路店,杨浦区,上海市杨浦区淞沪路605号,单间,2885.1,7290.7,14.6,50,18049720061
悦庭04·数智天地,浦东新区,上海市浦东新区康恒路188弄,一居室、单间,3030,6780,31.88,67.61,61180059
衡汇寓一期,徐汇区,上海市徐汇区丰谷路180弄,一居室,7650,8325,66.01,74.2,18121133268
卢宛佳园三期,黄浦区,南塘浜路93弄,一居室、三居室、二居室,3060,13050,16.7,140.15,17702120658
嘉住·城际铁社区(嘉岸名庭),嘉定区,嘉定区安亭镇庭丽路160弄,一居室、三居室,1747,3789,33.2,99.85,39196666
城投宽庭徐汇社区,徐汇区,上海市徐汇区漕溪路258弄,二居室、一居室、单间,3818,12418,26.72,79.46,18121308732
明天荟公寓,普陀区,普陀区华池路58弄,三居室、一居室、二居室,4841,17981,35.18,155.56,62170016
北科创公寓,虹口区,上海市虹口区松花江路2601号,单间,5507.7,6625.6,33.38,44.25,65533550
上实菁英荟二店,宝山区,宝正路99弄,单间,2790,3078,36.81,36.84,18721557508
上实菁英荟一店,宝山区,沪联路1228弄,一居室、单间,2380.5,4743,36.68,73.42,18721557508
上汽青年公寓（延安中路店）,黄浦区,上海市黄浦区延安中路527号,一居室,2561,8026,22.22,54.39,13041614696
光明星城,临港新城,莺歌路399弄,单间、一居室,842,1277,29.46,39.21,15821634028
宁家公寓（宁嘉馨苑店）,静安区,上海市静安区乌镇路155弄,二居室,8091,8631,68.32,68.63,19117122797
阳光金钥匙社区公寓（江浦路店）,杨浦区,杨浦区江浦路455号,单间,2401.8,4029.2,19.95,31.45,17317263236
隆渊公寓（长风公园店）,普陀区,大渡河路640号,二居室、一居室,3632.1,5684.8,17.9,50,18721790510
奉发未来·煜丰苑,奉贤区,上海市奉贤区金汇镇,三居室、二居室、单间、一居室,1863,4473,41.99,97.5,67186606
罗森宝公寓（一期）,宝山区,潘泾路4333弄,一居室、二居室,2246,3660,43.89,71.62,33850000
南舒房滨江店二期,黄浦区,中山南路1569号,一居室,4550,7250,32.09,55.47,18217098366
上海金汇中心,奉贤区,上海市奉贤区金汇镇金闸公路1089弄,null、一居室,1674.9,3459.7,30.7,58.6,37568388
白居易新青年公寓（漕河泾店）,徐汇区,上海市徐汇区桂箐路7号,一居室,2430,6255,10.64,48.52,19921026876
来福里公寓一期,静安区,静安区江场西路180号,单间,3999.87,7890,31.18,60.09,66520032
和欣假日公寓,宝山区,上海市宝山区逸仙路3188弄,一居室,1997.1,5639.4,32.98,48.8,56563333
黄兴公寓,杨浦区,上海市杨浦区黄兴路1号,单间,2072.7,3975.3,17.5,32.36,18121238736
中核品寓二期,青浦区,上海市青浦区蟠龙路399弄,二居室、一居室,5220,7137,51.8,73.45,39880227
儒德公寓(徐汇区环卫职工之家 ),徐汇区,石龙支路27号,二居室、单间、一居室,3960,9720,17,48,13681900399
虹寓·东宝兴路店,静安区,上海市静安区东宝兴路446号,一居室,3645,5355,16.23,42.63,19921675799
临客公寓·虹临居,长宁区,虹桥路996弄,二居室、一居室,4386,5981,34.2,52.35,18019288358
友间公寓宝地友乐苑社区,宝山区,庆安路51弄,三居室、二居室、一居室,3508,6319,44.36,86.96,13162173811
集贤天地人才公寓,浦东新区,浦东新区盛夏路565弄,二居室、一居室、三居室,5870,13570,42.54,121.17,17367288366
戎遇公寓,虹口区,欧阳路85号,单间,3313.8,5521.5,20.24,34.41,17717688663
浦峻澜庭·周浦社区,浦东新区,上海市浦东新区关岳路8弄,一居室、二居室,1578.6,6890.4,13.93,83.83,15801855241
桂客公寓安波路店,杨浦区,安波路569号硕和国际1号楼,单间,1529.1,4199.4,11.89,31.13,13162047762
筑堰公寓,虹口区,曲阳路561号,单间,3672,4015,23.2,38.97,13817369087
上海保利和寓宁国路店,杨浦区,上海市杨浦区眉州路925弄,一居室,4097.7,5354.1,28.9,36,15317057710
城家高级公寓（森兰洲海路地铁站店）,浦东新区,上海浦东新区高行镇洲海路1088弄1号,一居室、单间,4400,7400,28.94,65.44,15618952427
纳仕丨张江社区雅集,浦东新区,上海市浦东新区科农路99弄,二居室、一居室、三居室,6953.94,13012.83,69.08,144.32,17721259008
璟佩公寓,浦东新区,横沔江路18弄,一居室,3750,3950,32.86,34.37,18018627486
美桔公寓,徐汇区,东漕河泾55号,一居室,2205,7830,7.71,37.26,16601744774
龙华湾公寓,徐汇区,上海市徐汇区龙漕路乙字1号,一居室,5283,10053,23.04,52.91,19821237243
白居易公寓,徐汇区,凯旋南路31号,一居室,2592,8352,8.35,33.31,17717461726
浦发有家康桥社区,浦东新区,宁丰路238弄,一居室、单间,2853,5247,30.59,63.3,15300433038
青领一族公寓,虹口区,广灵四路351号,一居室,2881.9,4432,19.84,34,15080510605
纳仕丨张江社区右里Z区,浦东新区,茂春路98号,单间、一居室,3240,5780,28.6,57.46,19121691578
悦来青柚公寓（武定路店）,静安区,武定路458号,单间,7574,9433,41.3,52.2,52995398
宝乐居时尚公寓,宝山区,宝杨路1850号,一居室,2016,2538,20,35,61111105
华滋驿栈,宝山区,逸仙路2816号,单间,2170,3812,19.01,38.48,19121001705
base佰舍（同丰路二期）,虹口区,上海市虹口区同丰路699号,单间,5589.3,11560.8,22.9,57.2,15000803834
怡居公寓,虹口区,广纪路179号,单间,3463.56,5716.66,28.9,46.64,13472586789
龙湖冠寓复旦大学二店,虹口区,上海市虹口区邯郸路173号,单间,3237,9389,21,64,13524960298
白居国际公寓,虹口区,通州路188号,单间,2260.4,5107.5,12.9,33.8,15860837937
绿洲智谷社区,青浦区,青浦区-佳采路199弄,一居室、二居室,2407,7350,25.68,99.13,13162156619
菁舍公寓教育园区店,浦东新区,上海市浦东新区合庆镇环庆南路508弄,一居室,1710,3590,28.07,63.17,18939728873
怡辰公寓环球港店,普陀区,普陀区白玉路454号,一居室,5408.1,10285.2,22.4,71.5,17521695318
魔方公寓祁连山路店,普陀区,上海市普陀区绥德路601号,一居室,1640,4610,12.1,35.68,18701932640
橙子公寓（志丹路店）,普陀区,志丹路104号,单间,3198,3985.8,22,26,13611732864
红豆公寓江宁路店,普陀区,普陀区江宁路1400号,一居室,3451,6465,16.99,35.19,13167036718
红豆公寓真北路店,普陀区,真北路3725弄,一居室、二居室,3535,5911,17,42,18916387107
家巢公寓,静安区,上海市静安区江场西路180号,单间,2916,4486,22.19,34.5,13162808777
橙子公寓石门二路店,静安区,静安区石门二路489号,单间,4132,4916,24.5,30.8,13601954235
上海保利和寓东外滩店,杨浦区,上海市杨浦区辽源西路169弄,一居室、三居室、单间,4411.8,13024.8,26.73,101.49,15317556010
国金公寓,宝山区,真陈路719号,单间,1442,2823,19,38.87,13918197997
宸寓·云慧苑社区,临港新城,上海市浦东新区顶科路299弄,一居室、二居室,2559,3591,63.62,93.36,58080868
绿庭寓国际青年社区（一期）,长宁区,上海市长宁区中山西路555号,一居室、二居室,5452,8757,37.44,73.3,13371963296
龙湖冠寓顾村公园店,宝山区,菊太路11号,一居室、二居室、单间,2574,6078,22,75,19121474349
上海新凤抱家华新乡村公寓,青浦区,青浦区华新镇纪秀路158弄,单间,1365.21,2191.77,10,79,13220784926
城投宽庭·江湾社区,杨浦区,杨浦区国泓路392弄,二居室、三居室、一居室、单间,4215,12670,29.55,99.22,4006796966
美罗家园菁鹰苑,宝山区,罗店路840弄,单间、二居室、一居室,2241.45,6757,29.22,83.23,66872699
贝壳海盐公寓·灵石路店,静安区,静安区灵石路658号,单间,3811,6123,22.87,42.89,19921821101
龙湖冠寓上海闵行星悦荟店,闵行区,上海市闵行区马桥镇银春路2221弄,一居室,2237,4045,20.5,50.7,18621720711
嘉定璟歆社区,嘉定区,陈家山路2000号,单间,2111,4322,41.72,84.12,17502167761
领雅自如寓,杨浦区,上海市杨浦区世界路201号,单间,5229.7,7566.2,42.57,71.42,13127550273
凯富雅进公寓,松江区,松江区松卫北路280号,一居室、单间,952.6,1560.7,17.47,29.05,18918888968
嘉佰轩静安服务公寓,静安区,西康路663号,单间,10631,24073.7,52,102,33663666
华雨公寓,静安区,静安区柳营路205弄,单间,2050,3000,12.8,18.9,13601668064
旌伊公寓,静安区,中兴路457号,单间,5040,12100,28,70,13917093001
张江韦尔城家公寓,浦东新区,上海市龙东大道3000号,一居室,1500,7000,10.97,43.97,19821111228
颐家公寓,杨浦区,上海市杨浦区恒耀路66弄,单间,5300,5900,50.61,52.45,19921410959
城方活力社区 · 江月路店,闵行区,南江洲路555号,一居室,2990.4,5469.05,30.08,58.27,13046667991
泊寓上海西站店,普陀区,桃浦路218号,一居室,3248,6022,30,70,17604310502
魔方公寓长风公园店,普陀区,普陀区枣阳路251弄,单间,2475,4993,11,30,17765106958
和光寓外滩店,黄浦区,中山东二路8弄,一居室,4095.9,7954.2,23.38,64.39,13788940982
桂客公寓,黄浦区,制造局路833弄,一居室,4500,6800,10,30,13917356008
九华汇智尚都公寓,长宁区,仙霞路437号,一居室,5224,8229,30,45,62290222
魔方公寓西藏南路店,黄浦区,上海市黄浦区制造局路833弄,一居室,3600,6410,12.11,44.81,17717281658
C城公寓一期,黄浦区,上海市黄浦区鲁班路400弄,单间,2750,2900,16.44,16.45,53015222
卢宛816-CCB建融家园,黄浦区,斜土路816弄,一居室,6600,10100,28.04,53.25,13370010816
有巢南舒房,黄浦区,上海市黄浦区西藏南路1335号,二居室、一居室,7037,10718,26.96,55.18,19921858967
南舒房滨江店,黄浦区,中山南路1569号,一居室,3280,7560,20.15,53.94,18217098366
安遇公寓,黄浦区,上海市黄浦区新闸路126号,一居室,5160,6900,26,26,15001726555
长新公寓,黄浦区,黄浦区新闸路200号,二居室、一居室,4135,9110,28.6,66.4,63524744
橙子公寓（甘泉一村店）,普陀区,上海市普陀区甘泉一村50号,单间,2063.9,3189.8,15.2,20.8,13601890264
魔方公寓石泉路店,普陀区,上海市普陀区石泉路475号,一居室、二居室,4169,6799,24.1,68.85,18017942880
魔方公寓镇坪路店,普陀区,上海市普陀区中山北路2020号,一居室,4680,6300,33.27,45.98,17821025011
橙子公寓(兰溪店),普陀区,曹杨七村100号,一居室,3059.1,3695.67,17.5,22.5,13524564642
怡丰尚泊公寓,普陀区,普陀区固川路166弄,二居室、一居室,7431,13221,43,70.59,13072180965
凿若公寓,静安区,上海市静安区中山北路198号,一居室、三居室、二居室,4313,13486,27,176,18105932030
通源公寓,静安区,静安区宝源路209弄,二居室、一居室,4763,6460,30.3,41.1,13818912397
乐活智寓,杨浦区,上海市杨浦区政恒路167号,一居室,3033,6660,28.3,42,15601766858
友间公寓宁国路社区,杨浦区,上海市杨浦区黄兴路217号,单间,3960,8793,24,96,15801926944
微领地新静安中心社区,静安区,静安区彭浦新村街道临汾路1000弄,一居室、单间、二居室,3579,5054,18.59,41.2,15216701800
华尔福公寓,虹口区,曲阳路1号,单间,7290,14490,27.05,84.34,18217119505
友间公寓四平路社区,虹口区,虹口区四平路333号,一居室、二居室,3726,6057,21.97,59.34,15901781630
818四川北路青年社区,虹口区,四川北路818号,二居室、一居室,3868,8361,21,79,17317173242
和光寓唐山路店,虹口区,上海市虹口区唐山路923号,一居室,4050,9450,21.9,79.13,18016078032
虹寓|泊寓虹口江湾店,虹口区,新市北路1400号,单间,3420,9135,26.81,78.68,13044113536
旭辉瓴寓四川北路店,虹口区,上海市虹口区虬江路525号,一居室、二居室,3363.8,10502.9,20.56,82.91,19121498010
壹间大柏树公寓,虹口区,上海市虹口区纪念路325号,一居室、二居室,4800,8400,34.7,61.47,13391129897
魔方公寓多伦路店,虹口区,上海市虹口区四川北路1915号,一居室,4102,8494,24.26,66.87,15618778338
盛世公寓,虹口区,上海市虹口区四平路273号,一居室,4285,7309,22.47,41.25,15026993088
微音公寓大柏树店,虹口区,上海市虹口区中山北一路1200号,一居室,4010,5161,21.76,28.76,18621264786
熙街公寓,虹口区,上海市虹口区广灵二路317号,一居室,3974,5495,28.69,42.18,18121370838
礼御·星元公寓,浦东新区,上海市浦东新区申涛路33弄,一居室、二居室,3672,7002,29.54,81.74,15300810052
明珠公寓,静安区,静安区平型关路351号,单间,3180,5505,19.06,45.01,18017919030
和宁公寓,静安区,静安区万荣路83号,单间,2858,4252,16.01,26.12,13960664953
申林公寓,静安区,静安区宝源路301弄,单间,3003,5000,18,31.4,13764225688
和谐公寓,静安区,芷江中路373号,单间,2300,2500,17.33,17.33,15618029689
申浦公寓,静安区,平陆路397弄,单间,2498.1,3875.5,15,35,13681696039
城家公寓上海火车站苏河一号店,静安区,恒丰路666号,一居室,5500,9600,21.38,80.88,18201773903
悦樘公寓大宁店,静安区,中山北路835号,一居室、二居室,4104,8874,24,58,13681823497
友间公寓-大统路社区,静安区,上海静安区大统路988号,一居室、二居室,3933,7191,22,48,4009201699
悦来·青柚公寓（永兴路店）,静安区,上海市静安区永兴路555号,一居室,4640,6630,30.77,63.35,66279519
鹏飞荟都,嘉定区,阿克苏路66弄,二居室、一居室,1150,5350,22.66,66.08,59995888
路劲·隽寓（上海汽车城店）,嘉定区,于塘南路450弄,单间,1826,4198,24.4,64.25,18221238886
路劲·隽寓（嘉定西店）,嘉定区,嘉定区陈家山路1651号,单间,2788.2,4875.3,34.22,68.31,17821238886
南翔东方伟业广场（巢家公寓）,嘉定区,南翔镇银翔路609号东方伟业广场,单间,4096,7188,46.02,80.76,15132077002
阡集·创社区东区,闵行区,东川路150弄,三居室、二居室、一居室,5283,9027,55.46,98.95,15601766777
四方公寓,嘉定区,曹安公路2883号,单间,2065,3150,27,50,15021868675
翱翔公寓,嘉定区,上海市嘉定区仓场路424号,一居室,1430,2160,15.6,24.5,18916460095
财智金岸人才公寓,嘉定区,菊园新区永靖路1100号,一居室、二居室,2444,4066,51,76,13564061022
万科紫虹新苑(青藤公园@HOME),闵行区,紫龙路200弄,二居室、一居室,3999,8346,47.08,100.56,16628510090
旭辉瓴寓江桦路店,闵行区,浦星公路800-15号,二居室、一居室,3259,9159,19.71,67.78,19945717461
城市E族公寓,静安区,宜川路733弄,单间,2909.07,3537.09,25,25,17621888687
临港学府里,临港新城,浦东新区南汇新城镇玉柏路99号,一居室、二居室,2181,3695,45.17,71.58,58285816
水仙楼,长宁区,仙霞路471弄,一居室,2996.1,3881.7,24.29,24.29,62594292
昶玖公寓,静安区,上海市静安区余姚路169号,单间,6135,14193,38,85,13651846768
CHIC栖窠社区,青浦区,上海市青浦区祝桥头路219弄,一居室、二居室、三居室,3415,8878,37.8,90.56,18918861208
魔方公寓上海浦江联航路青年社区,闵行区,上海市闵行区浦江镇三达路537弄,一居室,1662,2993,18.06,25.45,18521311230
创客·巢（浦江）青年社区,闵行区,上海市闵行区康华路558弄,一居室、二居室,1680,4600,20,70,60292350
云集公寓贵都路店,闵行区,上海市闵行区贵都路399号,一居室,2352,3381,20.86,44.88,18616250088
城家公寓浦江联航路店,闵行区,联航路1588号,一居室、二居室,2300,4370,23.44,59.41,13061909360
魔方公寓上海浦江芦恒路青年社区,闵行区,上海市闵行区浦江镇林恒路18号,一居室、二居室,1773,5473,17.8,58.39,18516733019
浦发有家康泽社区,浦东新区,曲桥路157弄,二居室、单间、一居室,2582,4865,30.39,59.2,18917239259
龙湖冠寓·上海华泾天街国际公寓,徐汇区,龙吴路2439号,二居室、单间、一居室,4527.09,10495.08,38.2,96,18217462242
魔方公寓宁国路社区,杨浦区,上海市杨浦区临青路430号,单间,2702,5137,17.49,35.61,13062682360
西部乐巢武宁店,普陀区,武宁路200弄,二居室、一居室,4926.9,9515.2,26,54.5,13328014321
星荟公寓,普陀区,普陀区光新路336号,二居室、一居室,7848,22356,47,137,13924231774
优族公寓松花江路店,虹口区,邯郸路173号,单间,4220.6,6043.1,26,32.85,17521585666
派米雷link新界（车墩）未来社区,松江区,上海市松江区车墩镇迎轩路41弄,一居室、单间、三居室、二居室,2615,5842,33.81,87.04,13391169976
晖盛789-自如寓,杨浦区,上海市杨浦区包头路785号,单间,4194,11124,22.87,96.05,13127550273
中建幸孚+公寓松江店（18号楼2-5层、9号楼1层）,松江区,上海市松江区施园路299弄,一居室,3491,4738,48.15,53.6,67881888
贝壳海盐公寓,静安区,静安区共和新路3388号,单间,3131.1,6974,21.8,66,18918757809
闵房抱家联明村,闵行区,上海市闵行区中春路7228-2号,一居室、二居室,3208,5128,25.86,57.8,13167113803
松江区九亭镇纯真中心6号楼,松江区,上海市松江区九亭镇蒲汇路178弄6号,一居室、二居室,4218,7139,33.98,61,18616525620
华润置地有巢国际公寓泗泾店,松江区,上海市松江区米易路216弄,二居室、一居室,2453,4842,28.8,53.94,19928797161
华润置地有巢国际公寓社区东部经开店,松江区,上海市松江区书林路600弄,一居室、二居室,1807,3290,29.27,52.51,19928797187
派米雷LINK新界(泗泾）未来社区,松江区,上海市松江区泗泾镇米易路45弄,一居室、二居室,3375,7623,35.18,80.91,15893122762
柚米寓九亭中心店,松江区,上海市松江区九亭镇沪亭北路199弄,二居室、一居室,2834,6191,15,55,15316895525
上海龙湖冠寓松江大学城店,松江区,上海市松江区文翔路3788弄,一居室、二居室,1808.54,3038.53,35.28,50.9,13381508797
宜＋国际社区（环城路店）,嘉定区,嘉定区环城路2390号G座,单间,2178,2633,20,30,18121056053
嘉定区安亭镇03A-01A 地块普通商品房项目（安亭旭辉公元柚米寓）,嘉定区,上海市嘉定区安亭镇德友路77弄,单间,1623,2189,13.39,25.31,16621778432
方阳菁英公寓,嘉定区,上海市嘉定区马陆镇宝安公路2815号,单间,1123,1611,25.84,34.34,15921083453
天天公寓,嘉定区,嘉定区马陆镇嘉新公路1065号1幢,单间,1568,2323,39.6,57.5,19921699661
南外滩520公寓,黄浦区,上海市黄浦区陆家浜路458号,一居室,3440,10790,19.29,58.66,13819912946
瓴舍城苑,临港新城,云端路833弄,一居室,1949,3408,34.29,69.94,58690588
嘉定璟瑞社区,嘉定区,上海市嘉定区盘安路1199弄,单间,1992,3232,40.87,68.2,16657150038
宸寓·星苑(科秀绿园社区),临港新城,上海浦东新区木荷路388弄,一居室、二居室,1390,3260,31.27,72.91,68283828
城市e族青年公寓,长宁区,天山路597号,一居室,3364,4810,18.1,28.2,13641694472
田林青年公寓,徐汇区,上海市徐汇区中山西路1788弄,一居室,2721,5377,11.11,21.95,13262601869
城开莘社区,闵行区,秀涟路555弄,二居室、一居室,3545,8408,29.74,85.13,13391235117
桂客公寓大柏树店,虹口区,上海市虹口区曲阳路701号,一居室,4947,7482,25.57,45.42,13361995153
城方社区·古北璟宏,长宁区,上海市长宁区红宝石路7号,二居室、三居室、一居室,7999,19568,50.55,107.82,15800854754
璟辰公寓,长宁区,伊犁南路288弄,二居室、一居室、三居室,9130,18239,51.23,95.64,18721247727
乐璟生活社区汽车城店项目,嘉定区,上海市嘉定区安虹路299弄,单间,1950,2930,25,30,13482430749
静着发公寓,静安区,静安区平顺路116号,单间,2617.9,3603.1,15.5,19.5,13816438875
微领地中环沪太路社区,静安区,沪太支路668弄,单间,2031,4425,17,43,18501608928
得怡青年社区,静安区,沪太路815号,一居室,3255,4516,23.5,36.5,19821812358
半亩良甜白领公寓静安店,静安区,延长中路578号,一居室,4329,4797,25.06,32.68,18939869994
宁家公寓 (星光耀店 ),静安区,上海市静安区沪太路1111弄,二居室、一居室,2801,7424,19.13,73.88,13681682968
供享家,静安区,上海市静安区中华新路470号,单间,5498.1,7671.6,30.79,49.54,19102122373
青橙智慧公寓,青浦区,青浦区沪青平公路3938弄,一居室,2142,18945,23.39,239.79,17749713764
天空之城@HOME,青浦区,尚涵路99弄,一居室,4100,8350,30.11,66.32,13341689663
考拉科创港人才公寓,宝山区,宝山区南蕰藻路310弄,一居室,2921,4172,25.01,34.87,15026862023
为派新创城（推广名：芳草寓）,宝山区,宝山区淞行路323弄,一居室,4197,6168,32.38,56.87,17765167856
壹间公寓·高行璀璨公馆,浦东新区,上海市浦东新区启帆路199弄,二居室、一居室,3078,6462,26.93,72.07,13391129897
世茂闲猫国际青年社区,松江区,松江区五昆路88弄,一居室,1970,2982,24,51.85,19101757551
港城中环汇·领寓,浦东新区,浦东新区康桥路1760弄,单间、一居室,1390,5190,20.66,66.24,20976888
中企光华雅境公寓,宝山区,宝正路108弄,二居室,3493,4553,67.63,81.6,15300791556
招商壹间宝山花园城公寓,宝山区,上海市宝山区水产路2159号,一居室、二居室,2650,9750,23.8,115.29,13301876091
禾怡公寓,宝山区,真陈路1398弄,一居室,1592.1,4709.7,20,69.26,13361892505
久盛公寓,松江区,上海市松江区九亭镇盛龙路831弄,一居室,3074,3308,51.04,52.59,15026605297
宸屿江苏路店,长宁区,江苏路581弄,二居室、一居室,4395,8088,30.1,80,52831690
共青430寓,杨浦区,共青路430号,一居室、单间,3400.8,5980.4,28.17,46.68,65107882
CCB建融家园-殷高西路店,宝山区,上海市宝山区逸仙路1300号,一居室、二居室,3852,7902,17.31,61.33,17502167929
城方 · 嘉定璟嘉社区,嘉定区,上海市嘉定区疁南街300弄,单间、一居室、二居室,1935,4255,27.9,73.83,18701910993
微领地上海江桥中心社区,嘉定区,上海市嘉定区江桥镇金园一路1280号,单间,2394,3696,16.42,28.51,18501608928
上海松江西部科技园柚米社区项目,松江区,上海市文俊东路99弄,单间、二居室、一居室,1960.65,5274.3,26.08,80.17,19921057899
乐城活力社区,宝山区,上海市宝山区市台路359号,一居室、二居室,3093,8835,27.83,98.12,13761717666
纳仕丨张江社区右里Y区,浦东新区,浦东新区群秀路536弄,一居室、单间,2679,4761,20.43,46.18,17717072108
浦发有家玉盘社区,浦东新区,德淳路299弄,二居室、一居室、三居室,3238,22535,28.24,170.8,18917239556
微领地浦江公园社区,闵行区,昌林路985弄,单间、一居室,2092,4111,17.36,41.75,18501608928
左岸曼居（贝壳新青年公寓）,徐汇区,上海市徐汇区老沪闵路809号,一居室,3502.8,6091.2,23,32,13816429521
梦之晴公寓,嘉定区,嘉定区硕望路188弄,一居室、二居室,2205,3841,47.55,83.6,59565108
汇青苑,徐汇区,上海市徐汇区青秀路18弄,一居室,4229,9008,29.44,76.04,18516399289
城投宽庭九星社区,闵行区,星中路889弄,二居室、一居室,3973,13127,33.76,100.3,18916022889
可遇东外滩店,杨浦区,黄兴路18号,单间,3825,7965,24.07,48.94,18521095890
璟岸公寓,黄浦区,上海市黄浦区高雄路333弄,三居室、二居室、一居室,5819,34265,35.1,105.62,15800642254
新驰墅寓,静安区,上海市静安区保德路88号,单间,3117.6,5701.5,27.29,49.48,17765178666
和欣公寓,普陀区,武威东路718号,一居室、单间,2070,3605,32.43,59.59,19921368398
虹桥人才公寓(南区）,长宁区,上海市长宁区广虹路77弄,一居室、二居室、三居室,5583,10109,52.52,103.9,62397878
平福路218号白领公寓,徐汇区,上海市徐汇区平福路218号,一居室,4347.4,6298.7,31.19,46.79,13262506206
加号公寓,杨浦区,上海市杨浦区邯郸路98号,单间,2778.3,9410.4,15.6,85,19121977726
雅特兰汇智科技产业园1号楼保障性租赁住房项目,奉贤区,奉贤区金海公路3265号,一居室、二居室,531,4419,12.5,120.96,15201752401
沁尚茗寓,松江区,工业区书林路670弄,一居室、二居室,1752,3519,31.82,59.74,17759298881
简在公寓,静安区,静安区康定路977号,单间,5177.7,12743.1,25.72,63.62,13122389787
虹尚•安雅居,闵行区,园堂路277弄,二居室、三居室、一居室、单间,2961,9531,31.46,111.39,18221533368
创寓228,杨浦区,上海市杨浦区敦化路76号,一居室,3652.7,9982.4,29.29,67.39,17601382288
建信·魔方田林精英社区,徐汇区,徐汇区漕溪路258弄,一居室,5166,8518,29.11,71.58,18621035616
徐房悦庭·M社区,徐汇区,上海市徐汇区漕溪路258弄,一居室、二居室,3920,12830,23.49,92.55,15021385688
璟尚公寓,浦东新区,上海市浦东新区雪野路738弄,一居室、三居室、二居室,5185,24187,26.93,155.05,17321192971
慧智·仁恒派租赁社区（西区）,浦东新区,上海市浦东新区周泰北路88弄,三居室、一居室、二居室,3742,9631,49.56,128,13127565075
城家公寓上海大场社区,宝山区,上海市宝山区环镇南路1599弄,一居室,3213,3861,25.42,33.26,15300615664
可遇新江湾,杨浦区,杨浦区国安路758弄,单间,4473,11475,24.9,65.4,18516022080
上海湾区中科生态数字港（生命健康产业园）,金山区,金山区山阳镇渔江路50弄,单间,1430,1710,38.58,41.88,57967111
中建幸孚+公寓松江店（18号楼6-15层）,松江区,上海市松江区施园路299弄,一居室、单间,4157,8261,49.58,98.7,67881888
宝客公寓,静安区,上海市静安区中兴路457号,单间,3515,5910.9,13.94,46.85,13818810369
魔尔公寓吴淞路店,虹口区,上海市虹口区吴淞路529号,单间,5357,8860,29.32,61.67,18121006127
中宏公寓,虹口区,上海市虹口区纪念路465号,单间,3820,4277,26.47,28.94,13311782362
上海市崇明区城投宽庭泊湾社区,崇明区,上海市崇明区长兴岛南圆沙路169弄,多居室、一居室、二居室、三居室,1937.3,4144.3,48.37,107.03,18916013260
星江湾公寓,宝山区,上海市宝山区淞湾路55弄,二居室、一居室,4721,7480,59.94,86.7,65060830
临客公寓·荟临居,长宁区,协和路1599号,一居室,4005,4347,35.42,38.55,52186619
嘉定新城E06-1地块租赁住房项目（城家公寓嘉定新城云谷路店）,嘉定区,嘉定区云谷路778弄,一居室、三居室、二居室,4230,7560,42.2,103.78,19901732616
盛青榕寓,青浦区,上海市青浦区漕俞路399弄,一居室、二居室、三居室,1854.62,6100.57,38.02,119.76,51918881
喜富公寓,松江区,上海市松江区泗泾镇高技路205弄凯富科技园10号,一居室,1723.7,2249.8,21.87,55.2,17602185683
猎户座公寓,虹口区,上海市虹口区大连路1053号,单间,4105,34318,22.45,70,19121053057
美多家公寓,虹口区,上海市虹口区水电路1461号,一居室,3420,6174,23.98,51.52,13386153936
新黄浦·筑梦城徐汇华理店,徐汇区,凌云路406号,一居室,3377,4424.9,24,35.92,13012838575
季安居公寓,嘉定区,上海嘉定区嘉定镇街道塔城路279号,单间,2168,3994,22.19,61.17,13661676775
崇明瀛海.壹舍公寓,崇明区,上海市崇明区城桥镇乔松路899弄,一居室,1728,2117,56.47,64.15,13120765017
东方·星苑,静安区,江场二路88弄,一居室、二居室,5263,10144,46.03,97.29,56523553
城方·黄浦璟湾社区,黄浦区,西藏南路1699弄,三居室、二居室、一居室,6852,19572,44.41,105.9,17821129577
城投宽庭张江社区,浦东新区,箭桥路615弄,三居室、一居室,2619,8910,24,92.3,18721439089
慧智·芳华公寓,浦东新区,上海市浦东新区芳华路22弄,二居室、一居室,3766,7528,31.25,65.71,58337808
西部乐巢·中岚居,普陀区,岚皋路99弄,一居室、二居室,5067,15957,31.08,117.21,19370871589
璟芳公寓,浦东新区,龙汇路66弄,一居室、二居室、三居室,5500,14184,47.38,118.12,15026512199
瑞立寓,嘉定区,上海市嘉定区安亭镇安谐南路85号,单间、一居室,1450,3200,13.46,68.63,69503528
昱翔佳苑10号楼办公楼改建项目（小新公寓）,嘉定区,上海市嘉定区南翔镇德园南路111弄,单间,2659.5,9396.9,25.43,60.92,17717659767
璟仁公寓,浦东新区,上海市浦东新区锦绣路5088弄,一居室、二居室,4262,9183,49.71,93.33,19542925524
市北高新人才公寓·北苑,静安区,静安区寿阳路535弄,一居室、单间、二居室,4628,10438,35.94,79.12,56660811
虹桥乐贤居,闵行区,上海市闵行区北华路18弄,一居室、二居室,3000,6533,31.9,75.26,17317173968
弘寓（原弘野公寓）,宝山区,上海市宝山区友谊路1528弄,一居室,1440,4059,13.9,70.6,15316515118
象屿屿果·醉白池店（东区）,松江区,上海市松江区永隆路255弄,一居室、二居室,2132.5,4558,25.54,51.98,13127725808
合威公寓,嘉定区,上海市嘉定区曹安公路2951号,一居室、二居室,2247,5513,25.2,73.6,59189888
璟博公寓,浦东新区,浦东新区东三里桥路183弄,一居室、二居室,6789,11431,48.08,89.87,17269590709
城开莘社区二期,闵行区,秀涟路555弄,一居室、二居室,3550,8500,31.85,93.9,60901288
中建幸孚+公寓松江店,松江区,上海市松江区施园路299弄,一居室、三居室、二居室、单间,1727.5,6007,24.07,84.32,67881888
浦发有家·康涵社区,浦东新区,浦三路4800弄,一居室,2445,5184,31.09,59,18917239259
上海地产城方璟滨公寓,浦东新区,上海市浦东新区济明路518弄,一居室、二居室、三居室、多居室,6152,21223,46.25,206.08,15721300315
上海地产城方璟耀公寓,浦东新区,上海市浦东新区济明路533弄,三居室、一居室、二居室,6021,15690,47.44,99.73,18721170320
市北高新人才公寓·西苑,静安区,静安区万荣一路89弄,一居室、二居室,4729,7813,38.4,61.07,56880015
城投宽庭·光华社区,杨浦区,学德路27弄,一居室,3400,9830,25.56,66.13,4006796966
象屿屿果·醉白池店（西区）,松江区,上海市松江区永隆路333弄,一居室、二居室、三居室,2585,6163,26.86,88.15,13127725808
新黄浦·筑梦城 梅陇租赁社区,闵行区,曙丰路100弄,一居室、二居室,4104,7184.3,36.62,64.88,4000555895
新黄浦·筑梦城 吴泾租赁社区,闵行区,育莲路66弄,三居室、一居室、二居室,3296.1,7664,31.66,92.15,4000555895
城开汇社区,徐汇区,上海市徐汇区龙川北路777弄,一居室、二居室、三居室,4800,13900,31.08,102.71,18916658880
上海地产城方璟智公寓,闵行区,申虹路1500弄,一居室、二居室,3226,10522,32.2,101.55,13761191939
